{ "backgroundcolor":"#000000",
 "compressionlevel":-1,
 "height":70,
 "infinite":false,
 "layers":[
        {
         "compression":"zlib",
         "data":"eJztm1FuwyAQBXOR3v9y\/azSNlWr6km1ipBZWIINhhnpfSQxWGHHNo7J6+12eyWEECMwJzgAGzgAGzgAG3gAAg9A4AEIPACBByDwAMRKHny\/lOVR+VmcK7GaBz+ZhLX2fLa37ZXAAzwQeIAHwuuB5\/v1HovwWu65rreaH8T7H5mVPHhP5B69fvy9t5e4n7ht3A8elG3rdSW1\/d77o3uQ++5nHkd4gAdiJQ8+EvmMXmvbr0TifuK2cT940N+DZ0jVtiVX8GDm+8cSZviNsISSdWkr+zC7B976r+rDrB48W\/\/VfAjrPoMHreu\/ig+znA+Orv\/sLpxxv3A0ZzowqwcznA\/O9mBGF67uQQ8H8GA8enkwmwtX9qCnA6PmrTIpD2r76z0OhJD6pM4HuXZ341llnLhdTY4eh56knufv5Shq5wdbfUo82J5LW8\/Ec2nFyB5Yx0G41uMInvWgxIXQg9T+cmnFqB6UnBPDNT+taeFBzgU8sKnxwHtuzdHKA8sFPLCp9WBvrFNtc9SOS2p\/eODHOz9IeWC1t9Yu5v6\/YK1BtPaJBz489wspD3LnEqt+OQ9K+8m5gAc2nnHY86DkmtLLg9AFPLDxjkPoQUkdenuwucDvBzY1x4N3LHvMD1Iuett55ruljOhByNXXBF2F0T048poI\/+ABCDwAgQcgRveAeeI5jO4BnAMegMADEHgAAg9A4AEIPACBByDwAAQegMADEHgAAg9A4AEIPACBByDwAAQegMADEGHtfwFLpeqK",
         "encoding":"base64",
         "height":70,
         "id":1,
         "name":"back",
         "opacity":0.5,
         "type":"tilelayer",
         "visible":true,
         "width":130,
         "x":0,
         "y":0
        }, 
        {
         "compression":"zlib",
         "data":"eJztmu1uhCAQRfdFfNd95yZud9cfLXFppoSRGUAG4Z7kJrW1gnhUPrzdAAAAAAAAAGBensvt9v2J+xnMibv2j0\/gwXysv9f8rciDieYYKzzrinXRecA5oHVhhQvdsC46D1IOaFygZQM71kXngdQBqQth+cAG67GBdflgh96Tb4PrYF0+2LG+Dtblgx3r57J1+QCMxgP30R+ztoUfn4GdGduDjtPBzmxtEs7XgB2LdvkySmzejva7NQn760f70Xk\/t70xie1bWr70XGJtU6vde\/MgbGeXF9MG2nnf8Lj0+HS\/F3Ovbcy+3HFL561pYuU8B\/Yg5gL1gGtzmqP5\/1wPts\/vpB4crV9IziE8l7Ccmg706kHowiuz\/aTrPykPNrIt8eBoHUtzDvRcaDm1HejZA+pCbQ9CF448oA5IPEitZ5Z6cIYDjTy4l7pQ870Qc4HzIHQg5YF0XTv3vXCWA70\/D3xq9RM5F8J72m1z44XYvhIHavQTz2zjK3jgUjLmSqV0vHBm3XzObt+reJAT6bP3jPFCq8ADuQuS90LpeEHaJ+3VhdE9SLlQa7xg5UAtF2bwwLugfS9oxwvWGckDzXk\/SUrm68O5+9T6Qrhv7jpISf19RvRA6z9tR+3\/0vu6tJ+Y+2yg9c9lZA80tPAg1U8s9aCEWmuPHFfxwJHjgtQDST8xx4MaDjjgwX+0Lkg8kPYTtR7UcsAxoge+PVuQ8iDmQPh\/MQ9aQ+sCD\/TUHC\/Q\/n9r4EFbuOeDNXgvtKNXBxzwoM1zuJUDufNJs3tQYw4mRWsHtHMgdNxT+n0CR88eUAfOcuEKDozuAe1\/c332mnP0R2OA2L7ctsX6gj\/OiB7479C48Tj9O23L3LU\/7lsz7b6a8mvWfdTnATyY2wMfjQexNtHm7G9ArxAOeDBXOKzrdTS\/6\/t11nUcKRzW9ULgAQIPEHiAwANkeA\/u1ueIdOEBcoFwWNcLgQcIPEDgAdKfBwAAAAAAAAAAAAAxfgCSACTq",
         "encoding":"base64",
         "height":70,
         "id":2,
         "name":"front",
         "opacity":1,
         "type":"tilelayer",
         "visible":true,
         "width":130,
         "x":0,
         "y":0
        }, 
        {
         "color":"#5555ff",
         "draworder":"topdown",
         "id":3,
         "name":"mods",
         "objects":[],
         "opacity":1,
         "type":"objectgroup",
         "visible":true,
         "x":0,
         "y":0
        }, 
        {
         "color":"#ff0000",
         "draworder":"topdown",
         "id":4,
         "name":"objects",
         "objects":[
                {
                 "gid":7681,
                 "height":40,
                 "id":694,
                 "name":"",
                 "rotation":0,
                 "type":"",
                 "visible":true,
                 "width":16,
                 "x":680,
                 "y":168
                }, 
                {
                 "gid":7681,
                 "height":40,
                 "id":695,
                 "name":"",
                 "rotation":0,
                 "type":"",
                 "visible":true,
                 "width":16,
                 "x":424,
                 "y":168
                }, 
                {
                 "gid":7686,
                 "height":16,
                 "id":696,
                 "name":"",
                 "rotation":0,
                 "type":"",
                 "visible":true,
                 "width":8,
                 "x":520,
                 "y":120
                }, 
                {
                 "gid":7686,
                 "height":16,
                 "id":697,
                 "name":"",
                 "rotation":0,
                 "type":"",
                 "visible":true,
                 "width":8,
                 "x":592,
                 "y":120
                }, 
                {
                 "gid":7689,
                 "height":16,
                 "id":698,
                 "name":"",
                 "rotation":0,
                 "type":"",
                 "visible":true,
                 "width":24,
                 "x":448,
                 "y":112
                }, 
                {
                 "gid":2147491337,
                 "height":16,
                 "id":699,
                 "name":"",
                 "rotation":0,
                 "type":"",
                 "visible":true,
                 "width":24,
                 "x":648,
                 "y":112
                }, 
                {
                 "gid":7691,
                 "height":16,
                 "id":700,
                 "name":"",
                 "rotation":0,
                 "type":"",
                 "visible":true,
                 "width":40,
                 "x":584,
                 "y":168
                }, 
                {
                 "gid":2147491339,
                 "height":16,
                 "id":701,
                 "name":"",
                 "rotation":0,
                 "type":"",
                 "visible":true,
                 "width":40,
                 "x":496,
                 "y":168
                }, 
                {
                 "gid":7681,
                 "height":40,
                 "id":716,
                 "name":"",
                 "rotation":0,
                 "type":"",
                 "visible":true,
                 "width":16,
                 "x":624,
                 "y":360
                }, 
                {
                 "gid":7690,
                 "height":16,
                 "id":718,
                 "name":"",
                 "rotation":0,
                 "type":"",
                 "visible":true,
                 "width":24,
                 "x":648,
                 "y":360
                }, 
                {
                 "gid":7688,
                 "height":24,
                 "id":719,
                 "name":"",
                 "rotation":0,
                 "type":"",
                 "visible":true,
                 "width":32,
                 "x":688,
                 "y":328
                }, 
                {
                 "gid":7679,
                 "height":24,
                 "id":720,
                 "name":"",
                 "rotation":0,
                 "type":"",
                 "visible":true,
                 "width":40,
                 "x":808,
                 "y":320
                }, 
                {
                 "gid":7686,
                 "height":16,
                 "id":721,
                 "name":"",
                 "rotation":0,
                 "type":"",
                 "visible":true,
                 "width":8,
                 "x":744,
                 "y":312
                }, 
                {
                 "gid":7686,
                 "height":16,
                 "id":722,
                 "name":"",
                 "rotation":0,
                 "type":"",
                 "visible":true,
                 "width":8,
                 "x":368,
                 "y":328
                }, 
                {
                 "gid":2147491333,
                 "height":24,
                 "id":726,
                 "name":"",
                 "properties":
                    {
                     "parameters":"{\"treasurePools\":[\"basicTreasure\"]}\n"
                    },
                 "propertytypes":
                    {
                     "parameters":"string"
                    },
                 "rotation":0,
                 "type":"",
                 "visible":true,
                 "width":32,
                 "x":392,
                 "y":344
                }, 
                {
                 "gid":7685,
                 "height":24,
                 "id":727,
                 "name":"",
                 "properties":
                    {
                     "parameters":"{\"treasurePools\":[\"basicTreasure\"]}\n"
                    },
                 "propertytypes":
                    {
                     "parameters":"string"
                    },
                 "rotation":0,
                 "type":"",
                 "visible":true,
                 "width":32,
                 "x":432,
                 "y":344
                }, 
                {
                 "gid":7687,
                 "height":16,
                 "id":728,
                 "name":"",
                 "rotation":0,
                 "type":"",
                 "visible":true,
                 "width":64,
                 "x":672,
                 "y":360
                }, 
                {
                 "gid":7688,
                 "height":24,
                 "id":729,
                 "name":"",
                 "rotation":0,
                 "type":"",
                 "visible":true,
                 "width":32,
                 "x":280,
                 "y":304
                }, 
                {
                 "gid":7686,
                 "height":16,
                 "id":737,
                 "name":"",
                 "rotation":0,
                 "type":"",
                 "visible":true,
                 "width":8,
                 "x":800,
                 "y":160
                }, 
                {
                 "gid":7686,
                 "height":16,
                 "id":738,
                 "name":"",
                 "rotation":0,
                 "type":"",
                 "visible":true,
                 "width":8,
                 "x":736,
                 "y":160
                }, 
                {
                 "gid":7686,
                 "height":16,
                 "id":739,
                 "name":"",
                 "rotation":0,
                 "type":"",
                 "visible":true,
                 "width":8,
                 "x":376,
                 "y":160
                }, 
                {
                 "gid":7686,
                 "height":16,
                 "id":740,
                 "name":"",
                 "rotation":0,
                 "type":"",
                 "visible":true,
                 "width":8,
                 "x":328,
                 "y":160
                }, 
                {
                 "gid":7686,
                 "height":16,
                 "id":741,
                 "name":"",
                 "rotation":0,
                 "type":"",
                 "visible":true,
                 "width":8,
                 "x":232,
                 "y":160
                }, 
                {
                 "gid":7686,
                 "height":16,
                 "id":742,
                 "name":"",
                 "rotation":0,
                 "type":"",
                 "visible":true,
                 "width":8,
                 "x":160,
                 "y":144
                }, 
                {
                 "gid":7686,
                 "height":16,
                 "id":743,
                 "name":"",
                 "rotation":0,
                 "type":"",
                 "visible":true,
                 "width":8,
                 "x":72,
                 "y":144
                }],
         "opacity":1,
         "type":"objectgroup",
         "visible":true,
         "x":0,
         "y":0
        }, 
        {
         "color":"#ffff00",
         "draworder":"topdown",
         "id":5,
         "name":"wiring - lights & guns",
         "objects":[],
         "opacity":1,
         "type":"objectgroup",
         "visible":true,
         "x":0,
         "y":0
        }, 
        {
         "color":"#ff0000",
         "draworder":"topdown",
         "id":6,
         "name":"monsters & npcs",
         "objects":[
                {
                 "height":8,
                 "id":703,
                 "name":"",
                 "properties":
                    {
                     "npc":"ryuu",
                     "parameters":"{\"level\" : 6 }",
                     "typeName":"Banishedhostile"
                    },
                 "propertytypes":
                    {
                     "npc":"string",
                     "parameters":"string",
                     "typeName":"string"
                    },
                 "rotation":0,
                 "type":"",
                 "visible":true,
                 "width":8,
                 "x":392,
                 "y":152
                }, 
                {
                 "height":8,
                 "id":705,
                 "name":"",
                 "properties":
                    {
                     "npc":"ryuu",
                     "parameters":"{\"level\" : 6 }",
                     "typeName":"Banishedhostile"
                    },
                 "propertytypes":
                    {
                     "npc":"string",
                     "parameters":"string",
                     "typeName":"string"
                    },
                 "rotation":0,
                 "type":"",
                 "visible":true,
                 "width":8,
                 "x":720,
                 "y":152
                }, 
                {
                 "height":8,
                 "id":708,
                 "name":"",
                 "properties":
                    {
                     "npc":"ryuu",
                     "parameters":"{\"level\" : 6 }",
                     "typeName":"Banishedhostile"
                    },
                 "propertytypes":
                    {
                     "npc":"string",
                     "parameters":"string",
                     "typeName":"string"
                    },
                 "rotation":0,
                 "type":"",
                 "visible":true,
                 "width":8,
                 "x":480,
                 "y":152
                }, 
                {
                 "height":8,
                 "id":709,
                 "name":"",
                 "properties":
                    {
                     "npc":"ryuu",
                     "parameters":"{\"level\" : 6 }",
                     "typeName":"Banishedhostile"
                    },
                 "propertytypes":
                    {
                     "npc":"string",
                     "parameters":"string",
                     "typeName":"string"
                    },
                 "rotation":0,
                 "type":"",
                 "visible":true,
                 "width":8,
                 "x":632,
                 "y":152
                }, 
                {
                 "height":8,
                 "id":714,
                 "name":"",
                 "properties":
                    {
                     "npc":"ryuu",
                     "parameters":"{\"level\" : 6 }",
                     "typeName":"Banishedhostile"
                    },
                 "propertytypes":
                    {
                     "npc":"string",
                     "parameters":"string",
                     "typeName":"string"
                    },
                 "rotation":0,
                 "type":"",
                 "visible":true,
                 "width":8,
                 "x":784,
                 "y":320
                }, 
                {
                 "height":8,
                 "id":715,
                 "name":"",
                 "properties":
                    {
                     "npc":"ryuu",
                     "parameters":"{\"level\" : 6 }",
                     "typeName":"Banishedhostile"
                    },
                 "propertytypes":
                    {
                     "npc":"string",
                     "parameters":"string",
                     "typeName":"string"
                    },
                 "rotation":0,
                 "type":"",
                 "visible":true,
                 "width":8,
                 "x":856,
                 "y":320
                }, 
                {
                 "height":8,
                 "id":733,
                 "name":"",
                 "properties":
                    {
                     "npc":"ryuu",
                     "parameters":"{\"level\" : 6 }",
                     "typeName":"Banishedhostile"
                    },
                 "propertytypes":
                    {
                     "npc":"string",
                     "parameters":"string",
                     "typeName":"string"
                    },
                 "rotation":0,
                 "type":"",
                 "visible":true,
                 "width":8,
                 "x":448,
                 "y":344
                }, 
                {
                 "height":8,
                 "id":734,
                 "name":"",
                 "properties":
                    {
                     "npc":"ryuu",
                     "parameters":"{\"level\" : 6 }",
                     "typeName":"Banishedhostile"
                    },
                 "propertytypes":
                    {
                     "npc":"string",
                     "parameters":"string",
                     "typeName":"string"
                    },
                 "rotation":0,
                 "type":"",
                 "visible":true,
                 "width":8,
                 "x":400,
                 "y":344
                }, 
                {
                 "height":8,
                 "id":735,
                 "name":"",
                 "properties":
                    {
                     "npc":"ryuu",
                     "parameters":"{\"level\" : 6 }",
                     "typeName":"Banishedhostile"
                    },
                 "propertytypes":
                    {
                     "npc":"string",
                     "parameters":"string",
                     "typeName":"string"
                    },
                 "rotation":0,
                 "type":"",
                 "visible":true,
                 "width":8,
                 "x":280,
                 "y":344
                }],
         "opacity":1,
         "type":"objectgroup",
         "visible":true,
         "x":0,
         "y":0
        }, 
        {
         "color":"#00ffff",
         "draworder":"topdown",
         "id":7,
         "name":"wiring - locked door",
         "objects":[],
         "opacity":1,
         "type":"objectgroup",
         "visible":true,
         "x":0,
         "y":0
        }, 
        {
         "draworder":"topdown",
         "id":8,
         "name":"outside the map",
         "objects":[],
         "opacity":1,
         "type":"objectgroup",
         "visible":true,
         "x":0,
         "y":0
        }, 
        {
         "draworder":"topdown",
         "id":9,
         "name":"anchors etc",
         "objects":[
                {
                 "gid":240,
                 "height":8,
                 "id":710,
                 "name":"",
                 "rotation":0,
                 "type":"",
                 "visible":true,
                 "width":8,
                 "x":968,
                 "y":184
                }, 
                {
                 "gid":240,
                 "height":8,
                 "id":711,
                 "name":"",
                 "rotation":0,
                 "type":"",
                 "visible":true,
                 "width":8,
                 "x":64,
                 "y":184
                }],
         "opacity":1,
         "type":"objectgroup",
         "visible":true,
         "x":0,
         "y":0
        }, 
        {
         "draworder":"topdown",
         "id":10,
         "name":"items",
         "objects":[],
         "opacity":1,
         "type":"objectgroup",
         "visible":true,
         "x":0,
         "y":0
        }],
 "nextlayerid":11,
 "nextobjectid":744,
 "orientation":"orthogonal",
 "renderorder":"right-down",
 "tiledversion":"1.10.2",
 "tileheight":8,
 "tilesets":[
        {
         "firstgid":1,
         "source":"..\/..\/..\/..\/..\/assets\/packed\/tilesets\/packed\/materials.json"
        }, 
        {
         "firstgid":198,
         "source":"..\/..\/..\/..\/..\/assets\/packed\/tilesets\/packed\/supports.json"
        }, 
        {
         "firstgid":235,
         "source":"..\/..\/..\/..\/..\/assets\/packed\/tilesets\/packed\/miscellaneous.json"
        }, 
        {
         "firstgid":259,
         "source":"..\/..\/..\/..\/..\/assets\/packed\/tilesets\/packed\/liquids.json"
        }, 
        {
         "firstgid":287,
         "source":"..\/..\/..\/..\/..\/assets\/packed\/tilesets\/packed\/objects-by-race\/ancient.json"
        }, 
        {
         "firstgid":450,
         "source":"..\/..\/..\/..\/..\/assets\/packed\/tilesets\/packed\/objects-by-race\/apex.json"
        }, 
        {
         "firstgid":821,
         "source":"..\/..\/..\/..\/..\/assets\/packed\/tilesets\/packed\/objects-by-race\/avian.json"
        }, 
        {
         "firstgid":1126,
         "source":"..\/..\/..\/..\/..\/assets\/packed\/tilesets\/packed\/objects-by-race\/floran.json"
        }, 
        {
         "firstgid":1321,
         "source":"..\/..\/..\/..\/..\/assets\/packed\/tilesets\/packed\/objects-by-race\/generic.json"
        }, 
        {
         "firstgid":3305,
         "source":"..\/..\/..\/..\/..\/assets\/packed\/tilesets\/packed\/objects-by-race\/glitch.json"
        }, 
        {
         "firstgid":3531,
         "source":"..\/..\/..\/..\/..\/assets\/packed\/tilesets\/packed\/objects-by-race\/human.json"
        }, 
        {
         "firstgid":3819,
         "source":"..\/..\/..\/..\/..\/assets\/packed\/tilesets\/packed\/objects-by-race\/hylotl.json"
        }, 
        {
         "firstgid":4051,
         "source":"..\/..\/..\/..\/..\/assets\/packed\/tilesets\/packed\/objects-by-race\/novakid.json"
        }, 
        {
         "firstgid":4115,
         "source":"..\/..\/..\/..\/..\/assets\/packed\/tilesets\/packed\/objects-by-category\/breakable.json"
        }, 
        {
         "firstgid":4425,
         "source":"..\/..\/..\/..\/..\/assets\/packed\/tilesets\/packed\/objects-by-category\/decorative.json"
        }, 
        {
         "firstgid":5866,
         "source":"..\/..\/..\/..\/..\/assets\/packed\/tilesets\/packed\/objects-by-category\/door.json"
        }, 
        {
         "firstgid":5998,
         "source":"..\/..\/..\/..\/..\/assets\/packed\/tilesets\/packed\/objects-by-category\/farmable.json"
        }, 
        {
         "firstgid":6073,
         "source":"..\/..\/..\/..\/..\/assets\/packed\/tilesets\/packed\/objects-by-category\/furniture.json"
        }, 
        {
         "firstgid":6427,
         "source":"..\/..\/..\/..\/..\/assets\/packed\/tilesets\/packed\/objects-by-category\/light.json"
        }, 
        {
         "firstgid":6885,
         "source":"..\/..\/..\/..\/..\/assets\/packed\/tilesets\/packed\/objects-by-category\/railpoint.json"
        }, 
        {
         "firstgid":6890,
         "source":"..\/..\/..\/..\/..\/assets\/packed\/tilesets\/packed\/objects-by-category\/teleporter.json"
        }, 
        {
         "firstgid":6932,
         "source":"..\/..\/..\/..\/..\/assets\/packed\/tilesets\/packed\/objects-by-category\/trap.json"
        }, 
        {
         "firstgid":7136,
         "source":"..\/..\/..\/..\/..\/assets\/packed\/tilesets\/packed\/objects-by-category\/wire.json"
        }, 
        {
         "firstgid":7358,
         "source":"..\/..\/..\/..\/..\/assets\/packed\/tilesets\/packed\/objects-by-type\/container.json"
        }, 
        {
         "firstgid":7643,
         "source":"..\/..\/..\/..\/..\/assets\/packed\/tilesets\/packed\/objects-by-type\/teleporter.json"
        }, 
        {
         "firstgid":7670,
         "source":"..\/..\/..\/tilesets\/packed\/starknight\/tiles\/banished_blocks.json"
        }, 
        {
         "firstgid":7679,
         "source":"..\/..\/..\/tilesets\/packed\/starknight\/banished_object\/banished object.json"
        }],
 "tilewidth":8,
 "type":"map",
 "version":1.1,
 "width":130
}