{ "backgroundcolor":"#000000",
 "compressionlevel":-1,
 "height":60,
 "infinite":false,
 "layers":[
        {
         "compression":"zlib",
         "data":"eJztmW1u2zAQBY02yS2k+x8uv1O1VdDGgFXQ60fxWysXM8ADAoMWGWkscsn3y+XyTgghhBD3APQG9+AM4B54gn\/gDf6BJ\/gHnuAfeIJ\/4An+gSf4B57gH3iCf+AJ\/oEn+Aee4B94gn\/gCf6BJ\/gHnuAfeIJ\/4An+gSf4B54c5d\/HVJ\/FJOc7PfpV11Rj+zbfR40RNKP9255R+Cx+FuTafv3K5y1r4jrW2dp+1XWVV9fxvM33WUU70Iz0L3xGte7F\/Et979ctvdz7EH2n\/Avbgaanf7F5K8eZ2DOvff+F\/vVwD\/\/G0OLf5sSWlH+1ifm3F\/v+6xHVN\/NvGz39u8w61+fxOtfH+reIZx5mCfxr6VeN47dJzD\/bDjRH+WfblqTFv5Z+1Tjwry\/P6N\/rjntvt3fVKP+Yf\/vSs\/74M+ksU9u8Z\/f\/Sr7Tc\/5V14vt\/9l2oOH8o52HeQCywb928K8e\/GsH\/+rp5d\/euaxaI5Vkme77+T6ns63\/fpiEY7GkxhGjZq1n62NVR4W1c6rNv7a2\/iv8H0ueSel9UvTyT9WBYT0Yq41ttro1zDrd95NTq8b2n1v2wmPUvP9K\/Ctp8zBm48PIvfiaWv9M\/in3zuRfrNZV+zTqHqh9SvXeTn0W1tepucU6cf275TwyPHdU1zraP3XPt32XEv9i7m3+qb1Adb9H+rdOj3tL6veQ619sPzG17xi7Hyrhvak5h6\/xL\/xNhmuns\/q3596ef7Xvv5bzN+WfancW\/+w5wBH+2fEd7V\/J\/Jtyb4R\/e2cneyl5\/6kzoF6ftfo3ev33LP7luKf8y6l\/t+\/a+rfVPzvf4985\/Evtv+Sss\/fW22E\/LedvLfNv7PzNPvPauqK2\/niZ89K6D2brLvvbDve4jlr\/PRux\/5ecK\/8r3veV4B8hhBBCCCGEEEIIIYQQQgghhBBCxuUv4r2tZA==",
         "encoding":"base64",
         "height":60,
         "id":1,
         "name":"back",
         "opacity":0.5,
         "type":"tilelayer",
         "visible":true,
         "width":160,
         "x":0,
         "y":0
        }, 
        {
         "compression":"zlib",
         "data":"eJzt24FumzAQgOGuG3uL8P7vN2nL0nbZvO3U6+VsDnwYJfo\/6VQEBlP7cCycPD0BAAAAAAAAAAAAAAAAAAAAAAAAwPFeTvHYcg3x\/ZQXeAwlP67BqOVf6xo2\/34lBPl3X2pjyJpxT+L8J6b5X5yD50j5zPGvXM\/mur43fY\/6OOPrWK023jL2fJo\/hj52rmxLHmaMffqadt\/z\/3wrf\/W2HH81z8XfPJs\/BrnX76hn2441YmnuuEXterV7kGM3bUHupTryc6XV96Ms3cPb6T10\/pF7\/Y6e08i8bDqwP5fuwcs\/cq\/f0bl3T2ibfD9P\/jZu0Vb5aNM42iofbRpHW+WjTeNoq3zMqeMibRVZ984q47FrO73HvTKZ7LrYpRLl2I+OsPV8mZfjnFCvdx\/ePrsmUiun\/wdrdO7Z58HmTe\/xvXOveFX123UmHa1jkSjny\/pW9FpSvqdeGxen3S9OO9fKSb\/YcyLjVFaZ4hFyrzhq\/Ius5cv4t1TG265FZv7Jfr0uXIusMt7\/uEfuLY31mUbN\/faoZ+3a3b3nX8mHUe45L0bVszb\/vO9+1eZ\/S98h0zkxze3v3egyuqzdrl3nUfNv1Di7Vz26\/0c8QxnsnCFibfleIz9\/MdaW\/AOAvdj5FgAAW7XeB+vf2uj3F59nP6JrZq21NF1P9J219058j33e+5cR9a59r3\/t7AfbJ63+jvZXy7dARH9n9tYZUs\/XOR7T\/P6sSJQ2sfu8ctFzn+fb97xemex6pxXtIPGS0A8Skd8KlmjlTkQ0\/5bKyX1Hcto7b2v+2Xa5Om3llYueq9\/vSnhlsuvtzb+1\/bC2H5fyAgAAAAAAAAAAAADwuH4DSu2\/wg==",
         "encoding":"base64",
         "height":60,
         "id":2,
         "name":"front",
         "opacity":1,
         "type":"tilelayer",
         "visible":true,
         "width":160,
         "x":0,
         "y":0
        }, 
        {
         "color":"#5555ff",
         "draworder":"topdown",
         "id":3,
         "name":"mods",
         "objects":[
                {
                 "gid":7687,
                 "height":16,
                 "id":718,
                 "name":"",
                 "rotation":0,
                 "type":"",
                 "visible":true,
                 "width":8,
                 "x":968,
                 "y":312
                }],
         "opacity":1,
         "type":"objectgroup",
         "visible":true,
         "x":0,
         "y":0
        }, 
        {
         "color":"#ff0000",
         "draworder":"topdown",
         "id":4,
         "name":"objects",
         "objects":[
                {
                 "gid":2147491335,
                 "height":16,
                 "id":697,
                 "name":"",
                 "rotation":0,
                 "type":"",
                 "visible":true,
                 "width":8,
                 "x":96,
                 "y":312
                }, 
                {
                 "gid":7687,
                 "height":16,
                 "id":698,
                 "name":"",
                 "rotation":0,
                 "type":"",
                 "visible":true,
                 "width":8,
                 "x":1192,
                 "y":312
                }, 
                {
                 "gid":7689,
                 "height":40,
                 "id":699,
                 "name":"",
                 "rotation":0,
                 "type":"",
                 "visible":true,
                 "width":16,
                 "x":104,
                 "y":360
                }, 
                {
                 "gid":7689,
                 "height":40,
                 "id":700,
                 "name":"",
                 "rotation":0,
                 "type":"",
                 "visible":true,
                 "width":16,
                 "x":1176,
                 "y":360
                }, 
                {
                 "gid":7687,
                 "height":16,
                 "id":704,
                 "name":"",
                 "rotation":0,
                 "type":"",
                 "visible":true,
                 "width":8,
                 "x":328,
                 "y":312
                }, 
                {
                 "gid":2147491335,
                 "height":16,
                 "id":705,
                 "name":"",
                 "rotation":0,
                 "type":"",
                 "visible":true,
                 "width":8,
                 "x":304,
                 "y":312
                }, 
                {
                 "gid":7689,
                 "height":40,
                 "id":706,
                 "name":"",
                 "rotation":0,
                 "type":"",
                 "visible":true,
                 "width":16,
                 "x":312,
                 "y":360
                }, 
                {
                 "gid":7687,
                 "height":16,
                 "id":708,
                 "name":"",
                 "rotation":0,
                 "type":"",
                 "visible":true,
                 "width":8,
                 "x":120,
                 "y":312
                }, 
                {
                 "gid":7687,
                 "height":16,
                 "id":709,
                 "name":"",
                 "rotation":0,
                 "type":"",
                 "visible":true,
                 "width":8,
                 "x":512,
                 "y":312
                }, 
                {
                 "gid":2147491335,
                 "height":16,
                 "id":710,
                 "name":"",
                 "rotation":0,
                 "type":"",
                 "visible":true,
                 "width":8,
                 "x":472,
                 "y":312
                }, 
                {
                 "gid":2147491335,
                 "height":16,
                 "id":711,
                 "name":"",
                 "rotation":0,
                 "type":"",
                 "visible":true,
                 "width":8,
                 "x":680,
                 "y":224
                }, 
                {
                 "gid":2147491335,
                 "height":16,
                 "id":712,
                 "name":"",
                 "rotation":0,
                 "type":"",
                 "visible":true,
                 "width":8,
                 "x":1168,
                 "y":312
                }, 
                {
                 "gid":7687,
                 "height":16,
                 "id":713,
                 "name":"",
                 "rotation":0,
                 "type":"",
                 "visible":true,
                 "width":8,
                 "x":656,
                 "y":216
                }, 
                {
                 "gid":7687,
                 "height":16,
                 "id":714,
                 "name":"",
                 "rotation":0,
                 "type":"",
                 "visible":true,
                 "width":8,
                 "x":392,
                 "y":216
                }, 
                {
                 "gid":2147491335,
                 "height":16,
                 "id":715,
                 "name":"",
                 "rotation":0,
                 "type":"",
                 "visible":true,
                 "width":8,
                 "x":616,
                 "y":216
                }, 
                {
                 "gid":2147491335,
                 "height":16,
                 "id":716,
                 "name":"",
                 "rotation":0,
                 "type":"",
                 "visible":true,
                 "width":8,
                 "x":352,
                 "y":216
                }, 
                {
                 "gid":7687,
                 "height":16,
                 "id":719,
                 "name":"",
                 "rotation":0,
                 "type":"",
                 "visible":true,
                 "width":8,
                 "x":872,
                 "y":328
                }, 
                {
                 "gid":2147491335,
                 "height":16,
                 "id":720,
                 "name":"",
                 "rotation":0,
                 "type":"",
                 "visible":true,
                 "width":8,
                 "x":832,
                 "y":328
                }, 
                {
                 "gid":7690,
                 "height":16,
                 "id":721,
                 "name":"",
                 "rotation":0,
                 "type":"",
                 "visible":true,
                 "width":48,
                 "x":496,
                 "y":360
                }, 
                {
                 "gid":7691,
                 "height":48,
                 "id":722,
                 "name":"",
                 "rotation":0,
                 "type":"",
                 "visible":true,
                 "width":48,
                 "x":184,
                 "y":272
                }, 
                {
                 "gid":2147491340,
                 "height":16,
                 "id":723,
                 "name":"",
                 "rotation":0,
                 "type":"",
                 "visible":true,
                 "width":32,
                 "x":240,
                 "y":272
                }, 
                {
                 "gid":2147491340,
                 "height":16,
                 "id":724,
                 "name":"",
                 "rotation":0,
                 "type":"",
                 "visible":true,
                 "width":32,
                 "x":272,
                 "y":272
                }, 
                {
                 "gid":7693,
                 "height":32,
                 "id":725,
                 "name":"",
                 "rotation":0,
                 "type":"",
                 "visible":true,
                 "width":48,
                 "x":424,
                 "y":272
                }, 
                {
                 "gid":2147491342,
                 "height":32,
                 "id":726,
                 "name":"",
                 "rotation":0,
                 "type":"",
                 "visible":true,
                 "width":48,
                 "x":528,
                 "y":272
                }, 
                {
                 "gid":7695,
                 "height":16,
                 "id":727,
                 "name":"",
                 "rotation":0,
                 "type":"",
                 "visible":true,
                 "width":40,
                 "x":456,
                 "y":360
                }, 
                {
                 "gid":2147491340,
                 "height":16,
                 "id":728,
                 "name":"",
                 "rotation":0,
                 "type":"",
                 "visible":true,
                 "width":32,
                 "x":664,
                 "y":272
                }, 
                {
                 "gid":7697,
                 "height":40,
                 "id":729,
                 "name":"",
                 "rotation":0,
                 "type":"",
                 "visible":true,
                 "width":40,
                 "x":576,
                 "y":184
                }, 
                {
                 "gid":7698,
                 "height":24,
                 "id":731,
                 "name":"",
                 "rotation":0,
                 "type":"",
                 "visible":true,
                 "width":32,
                 "x":304,
                 "y":184
                }, 
                {
                 "gid":7699,
                 "height":24,
                 "id":734,
                 "name":"",
                 "rotation":0,
                 "type":"",
                 "visible":true,
                 "width":64,
                 "x":216,
                 "y":320
                }, 
                {
                 "gid":7700,
                 "height":40,
                 "id":735,
                 "name":"",
                 "rotation":0,
                 "type":"",
                 "visible":true,
                 "width":32,
                 "x":128,
                 "y":272
                }, 
                {
                 "gid":7701,
                 "height":40,
                 "id":737,
                 "name":"",
                 "rotation":0,
                 "type":"",
                 "visible":true,
                 "width":56,
                 "x":352,
                 "y":272
                }, 
                {
                 "gid":2147491340,
                 "height":16,
                 "id":738,
                 "name":"",
                 "rotation":0,
                 "type":"",
                 "visible":true,
                 "width":32,
                 "x":64,
                 "y":360
                }, 
                {
                 "gid":2147491340,
                 "height":16,
                 "id":739,
                 "name":"",
                 "rotation":0,
                 "type":"",
                 "visible":true,
                 "width":32,
                 "x":544,
                 "y":360
                }, 
                {
                 "gid":7702,
                 "height":16,
                 "id":740,
                 "name":"",
                 "rotation":0,
                 "type":"",
                 "visible":true,
                 "width":32,
                 "x":624,
                 "y":240
                }, 
                {
                 "gid":2147491351,
                 "height":24,
                 "id":741,
                 "name":"",
                 "rotation":0,
                 "type":"",
                 "visible":true,
                 "width":32,
                 "x":1144,
                 "y":360
                }, 
                {
                 "gid":7703,
                 "height":24,
                 "id":742,
                 "name":"",
                 "rotation":0,
                 "type":"",
                 "visible":true,
                 "width":32,
                 "x":328,
                 "y":360
                }],
         "opacity":1,
         "type":"objectgroup",
         "visible":true,
         "x":0,
         "y":0
        }, 
        {
         "color":"#ffff00",
         "draworder":"topdown",
         "id":5,
         "name":"wiring - lights & guns",
         "objects":[],
         "opacity":1,
         "type":"objectgroup",
         "visible":true,
         "x":0,
         "y":0
        }, 
        {
         "color":"#ff0000",
         "draworder":"topdown",
         "id":6,
         "name":"monsters & npcs",
         "objects":[
                {
                 "height":8,
                 "id":732,
                 "name":"",
                 "properties":
                    {
                     "npc":"ryuu",
                     "parameters":"{ \"level\" : 6 }",
                     "typeName":"ryuuvillager"
                    },
                 "propertytypes":
                    {
                     "npc":"string",
                     "parameters":"string",
                     "typeName":"string"
                    },
                 "rotation":0,
                 "type":"",
                 "visible":true,
                 "width":8,
                 "x":208,
                 "y":336
                }, 
                {
                 "height":8,
                 "id":733,
                 "name":"",
                 "properties":
                    {
                     "npc":"ryuu",
                     "parameters":"{\"level\" : 6 }",
                     "typeName":"ryuusoldiers"
                    },
                 "propertytypes":
                    {
                     "npc":"string",
                     "parameters":"string",
                     "typeName":"string"
                    },
                 "rotation":0,
                 "type":"",
                 "visible":true,
                 "width":8,
                 "x":72,
                 "y":336
                }, 
                {
                 "height":8,
                 "id":743,
                 "name":"",
                 "properties":
                    {
                     "npc":"ryuu",
                     "parameters":"{ \"level\" : 6 }",
                     "typeName":"ryuuvillager"
                    },
                 "propertytypes":
                    {
                     "npc":"string",
                     "parameters":"string",
                     "typeName":"string"
                    },
                 "rotation":0,
                 "type":"",
                 "visible":true,
                 "width":8,
                 "x":488,
                 "y":256
                }, 
                {
                 "height":8,
                 "id":745,
                 "name":"",
                 "properties":
                    {
                     "npc":"ryuu",
                     "parameters":"{ \"level\" : 6 }",
                     "typeName":"ryuuvillager"
                    },
                 "propertytypes":
                    {
                     "npc":"string",
                     "parameters":"string",
                     "typeName":"string"
                    },
                 "rotation":0,
                 "type":"",
                 "visible":true,
                 "width":8,
                 "x":760,
                 "y":344
                }, 
                {
                 "height":8,
                 "id":746,
                 "name":"",
                 "properties":
                    {
                     "npc":"ryuu",
                     "parameters":"{ \"level\" : 6 }",
                     "typeName":"ryuuvillager"
                    },
                 "propertytypes":
                    {
                     "npc":"string",
                     "parameters":"string",
                     "typeName":"string"
                    },
                 "rotation":0,
                 "type":"",
                 "visible":true,
                 "width":8,
                 "x":1000,
                 "y":344
                }, 
                {
                 "height":8,
                 "id":748,
                 "name":"",
                 "properties":
                    {
                     "npc":"ryuu",
                     "parameters":"{\"level\" : 6 }",
                     "typeName":"ryuusoldiers"
                    },
                 "propertytypes":
                    {
                     "npc":"string",
                     "parameters":"string",
                     "typeName":"string"
                    },
                 "rotation":0,
                 "type":"",
                 "visible":true,
                 "width":8,
                 "x":1208,
                 "y":344
                }, 
                {
                 "height":8,
                 "id":749,
                 "name":"",
                 "properties":
                    {
                     "npc":"ryuu",
                     "parameters":"{ \"level\" : 6 }",
                     "typeName":"ryuuvillager"
                    },
                 "propertytypes":
                    {
                     "npc":"string",
                     "parameters":"string",
                     "typeName":"string"
                    },
                 "rotation":0,
                 "type":"",
                 "visible":true,
                 "width":8,
                 "x":312,
                 "y":256
                }],
         "opacity":1,
         "type":"objectgroup",
         "visible":true,
         "x":0,
         "y":0
        }, 
        {
         "color":"#00ffff",
         "draworder":"topdown",
         "id":7,
         "name":"wiring - locked door",
         "objects":[],
         "opacity":1,
         "type":"objectgroup",
         "visible":true,
         "x":0,
         "y":0
        }, 
        {
         "draworder":"topdown",
         "id":8,
         "name":"outside the map",
         "objects":[],
         "opacity":1,
         "type":"objectgroup",
         "visible":true,
         "x":0,
         "y":0
        }, 
        {
         "draworder":"topdown",
         "id":9,
         "name":"anchors etc",
         "objects":[
                {
                 "gid":240,
                 "height":8,
                 "id":679,
                 "name":"",
                 "rotation":0,
                 "type":"",
                 "visible":true,
                 "width":8,
                 "x":1248,
                 "y":376
                }, 
                {
                 "gid":240,
                 "height":8,
                 "id":680,
                 "name":"",
                 "rotation":0,
                 "type":"",
                 "visible":true,
                 "width":8,
                 "x":24,
                 "y":376
                }, 
                {
                 "gid":239,
                 "height":8,
                 "id":689,
                 "name":"",
                 "rotation":0,
                 "type":"",
                 "visible":true,
                 "width":8,
                 "x":24,
                 "y":360
                }, 
                {
                 "gid":239,
                 "height":8,
                 "id":690,
                 "name":"",
                 "rotation":0,
                 "type":"",
                 "visible":true,
                 "width":8,
                 "x":1248,
                 "y":360
                }],
         "opacity":1,
         "type":"objectgroup",
         "visible":true,
         "x":0,
         "y":0
        }, 
        {
         "draworder":"topdown",
         "id":10,
         "name":"items",
         "objects":[],
         "opacity":1,
         "type":"objectgroup",
         "visible":true,
         "x":0,
         "y":0
        }],
 "nextlayerid":13,
 "nextobjectid":750,
 "orientation":"orthogonal",
 "renderorder":"right-down",
 "tiledversion":"1.10.2",
 "tileheight":8,
 "tilesets":[
        {
         "firstgid":1,
         "source":"..\/..\/..\/..\/assets\/packed\/tilesets\/packed\/materials.json"
        }, 
        {
         "firstgid":198,
         "source":"..\/..\/..\/..\/assets\/packed\/tilesets\/packed\/supports.json"
        }, 
        {
         "firstgid":235,
         "source":"..\/..\/..\/..\/assets\/packed\/tilesets\/packed\/miscellaneous.json"
        }, 
        {
         "firstgid":259,
         "source":"..\/..\/..\/..\/assets\/packed\/tilesets\/packed\/liquids.json"
        }, 
        {
         "firstgid":287,
         "source":"..\/..\/..\/..\/assets\/packed\/tilesets\/packed\/objects-by-race\/ancient.json"
        }, 
        {
         "firstgid":450,
         "source":"..\/..\/..\/..\/assets\/packed\/tilesets\/packed\/objects-by-race\/apex.json"
        }, 
        {
         "firstgid":821,
         "source":"..\/..\/..\/..\/assets\/packed\/tilesets\/packed\/objects-by-race\/avian.json"
        }, 
        {
         "firstgid":1126,
         "source":"..\/..\/..\/..\/assets\/packed\/tilesets\/packed\/objects-by-race\/floran.json"
        }, 
        {
         "firstgid":1321,
         "source":"..\/..\/..\/..\/assets\/packed\/tilesets\/packed\/objects-by-race\/generic.json"
        }, 
        {
         "firstgid":3305,
         "source":"..\/..\/..\/..\/assets\/packed\/tilesets\/packed\/objects-by-race\/glitch.json"
        }, 
        {
         "firstgid":3531,
         "source":"..\/..\/..\/..\/assets\/packed\/tilesets\/packed\/objects-by-race\/human.json"
        }, 
        {
         "firstgid":3819,
         "source":"..\/..\/..\/..\/assets\/packed\/tilesets\/packed\/objects-by-race\/hylotl.json"
        }, 
        {
         "firstgid":4051,
         "source":"..\/..\/..\/..\/assets\/packed\/tilesets\/packed\/objects-by-race\/novakid.json"
        }, 
        {
         "firstgid":4115,
         "source":"..\/..\/..\/..\/assets\/packed\/tilesets\/packed\/objects-by-category\/breakable.json"
        }, 
        {
         "firstgid":4425,
         "source":"..\/..\/..\/..\/assets\/packed\/tilesets\/packed\/objects-by-category\/decorative.json"
        }, 
        {
         "firstgid":5866,
         "source":"..\/..\/..\/..\/assets\/packed\/tilesets\/packed\/objects-by-category\/door.json"
        }, 
        {
         "firstgid":5998,
         "source":"..\/..\/..\/..\/assets\/packed\/tilesets\/packed\/objects-by-category\/farmable.json"
        }, 
        {
         "firstgid":6073,
         "source":"..\/..\/..\/..\/assets\/packed\/tilesets\/packed\/objects-by-category\/furniture.json"
        }, 
        {
         "firstgid":6427,
         "source":"..\/..\/..\/..\/assets\/packed\/tilesets\/packed\/objects-by-category\/light.json"
        }, 
        {
         "firstgid":6885,
         "source":"..\/..\/..\/..\/assets\/packed\/tilesets\/packed\/objects-by-category\/railpoint.json"
        }, 
        {
         "firstgid":6890,
         "source":"..\/..\/..\/..\/assets\/packed\/tilesets\/packed\/objects-by-category\/teleporter.json"
        }, 
        {
         "firstgid":6932,
         "source":"..\/..\/..\/..\/assets\/packed\/tilesets\/packed\/objects-by-category\/trap.json"
        }, 
        {
         "firstgid":7136,
         "source":"..\/..\/..\/..\/assets\/packed\/tilesets\/packed\/objects-by-category\/wire.json"
        }, 
        {
         "firstgid":7358,
         "source":"..\/..\/..\/..\/assets\/packed\/tilesets\/packed\/objects-by-type\/container.json"
        }, 
        {
         "firstgid":7643,
         "source":"..\/..\/..\/..\/assets\/packed\/tilesets\/packed\/objects-by-type\/teleporter.json"
        }, 
        {
         "firstgid":7670,
         "source":"..\/..\/tilesets\/packed\/starknight\/tiles\/SK_Blocks.json"
        }, 
        {
         "firstgid":7687,
         "source":"..\/..\/tilesets\/packed\/starknight\/starknight_object\/SK_Objects.json"
        }],
 "tilewidth":8,
 "type":"map",
 "version":1.1,
 "width":160
}