{ "backgroundcolor":"#000000",
 "compressionlevel":-1,
 "height":50,
 "infinite":false,
 "layers":[
        {
         "compression":"zlib",
         "data":"eJztllsKxCAMRd2I+99cv6czygzTgoIENWkVLfFeOD9tST34iJsxZlsYbVnJNWYl1xj46g58dQe+ugNf3YGv7sBXd+CrO\/DN52P74g\/2gO9c+6TV1x01vgzpNz8Gl\/i6zHvuX9w44Nvme2YlX25+dwbqS\/cffMf6vmxf6Pncu36rrzRvK2NWWvvvld5ZW29Pm9\/SPvSF5xRuf7Xs1xwzfSXnyWxfH8blglOpLudbOj9p\/bgOub7NkZ6Haf0RvrV+oc2X64\/S+ncZ6Su5Dzzdt3ZvuHvfkNRvuc9c8dUa6gsAAAAAAAAAq\/MH61q9ng==",
         "encoding":"base64",
         "height":50,
         "id":1,
         "name":"back",
         "opacity":0.5,
         "type":"tilelayer",
         "visible":true,
         "width":60,
         "x":0,
         "y":0
        }, 
        {
         "compression":"zlib",
         "data":"eJztmIsKgzAMRfsj\/f8PHOh8bIxCy0KYadLWYes9cEFxiznablXnAAAAAADAP1m8cztJ2B+Z1cv7o7HGe5oC33GYfPssbHvOpOQcNa6bMuGzr0ymOD7S\/hqdpO\/Mytr0HFZneq1auZb6Wp2t95mPjVauNb4WZ+vYPmPO1szf2vmcYyPXalOOiSth7f9uvmGMPWN6XDta+w+\/Ie+YHtcW1v7h2xfW\/u82fxf\/XUvQ70rhz8hSeD+a+pbw\/nPw9U8LdlLnjPoUa\/3W\/eysxtV8reNBgrsG6Jq89NlNomX\/Fn65jgpcxwSu1+URM5H\/brrNIx2Toq1fGl4\/eeW8k\/vROikcs76bSO8naA3tukwb6ih5St5HKfHV1G2RUnrzreVf9+MqvgAAAAAAwMYHSYG+Qw==",
         "encoding":"base64",
         "height":50,
         "id":2,
         "name":"front",
         "opacity":1,
         "type":"tilelayer",
         "visible":true,
         "width":60,
         "x":0,
         "y":0
        }, 
        {
         "color":"#5555ff",
         "draworder":"topdown",
         "id":3,
         "name":"mods",
         "objects":[],
         "opacity":1,
         "type":"objectgroup",
         "visible":true,
         "x":0,
         "y":0
        }, 
        {
         "color":"#ff0000",
         "draworder":"topdown",
         "id":4,
         "name":"objects",
         "objects":[
                {
                 "gid":7683,
                 "height":40,
                 "id":684,
                 "name":"",
                 "rotation":0,
                 "type":"",
                 "visible":true,
                 "width":88,
                 "x":328,
                 "y":208
                }, 
                {
                 "gid":7684,
                 "height":32,
                 "id":685,
                 "name":"",
                 "rotation":0,
                 "type":"",
                 "visible":true,
                 "width":64,
                 "x":64,
                 "y":208
                }, 
                {
                 "gid":7685,
                 "height":24,
                 "id":686,
                 "name":"",
                 "properties":
                    {
                     "parameters":"{\"treasurePools\":[\"basicTreasure\"]}\n"
                    },
                 "propertytypes":
                    {
                     "parameters":"string"
                    },
                 "rotation":0,
                 "type":"",
                 "visible":true,
                 "width":32,
                 "x":184,
                 "y":272
                }, 
                {
                 "gid":7681,
                 "height":40,
                 "id":687,
                 "name":"",
                 "rotation":0,
                 "type":"",
                 "visible":true,
                 "width":16,
                 "x":424,
                 "y":280
                }, 
                {
                 "gid":7681,
                 "height":40,
                 "id":688,
                 "name":"",
                 "rotation":0,
                 "type":"",
                 "visible":true,
                 "width":16,
                 "x":40,
                 "y":280
                }, 
                {
                 "gid":7681,
                 "height":40,
                 "id":689,
                 "name":"",
                 "rotation":0,
                 "type":"",
                 "visible":true,
                 "width":16,
                 "x":232,
                 "y":280
                }, 
                {
                 "gid":7679,
                 "height":24,
                 "id":690,
                 "name":"",
                 "rotation":0,
                 "type":"",
                 "visible":true,
                 "width":40,
                 "x":120,
                 "y":248
                }, 
                {
                 "gid":7686,
                 "height":16,
                 "id":691,
                 "name":"",
                 "rotation":0,
                 "type":"",
                 "visible":true,
                 "width":8,
                 "x":72,
                 "y":240
                }, 
                {
                 "gid":7686,
                 "height":16,
                 "id":693,
                 "name":"",
                 "rotation":0,
                 "type":"",
                 "visible":true,
                 "width":8,
                 "x":264,
                 "y":256
                }, 
                {
                 "gid":7686,
                 "height":16,
                 "id":694,
                 "name":"",
                 "rotation":0,
                 "type":"",
                 "visible":true,
                 "width":8,
                 "x":400,
                 "y":256
                }, 
                {
                 "gid":2147491339,
                 "height":16,
                 "id":695,
                 "name":"",
                 "rotation":0,
                 "type":"",
                 "visible":true,
                 "width":40,
                 "x":288,
                 "y":208
                }, 
                {
                 "gid":7690,
                 "height":16,
                 "id":696,
                 "name":"",
                 "rotation":0,
                 "type":"",
                 "visible":true,
                 "width":24,
                 "x":248,
                 "y":280
                }, 
                {
                 "gid":2147491337,
                 "height":16,
                 "id":698,
                 "name":"",
                 "rotation":0,
                 "type":"",
                 "visible":true,
                 "width":24,
                 "x":392,
                 "y":168
                }, 
                {
                 "gid":7688,
                 "height":24,
                 "id":700,
                 "name":"",
                 "rotation":0,
                 "type":"",
                 "visible":true,
                 "width":32,
                 "x":128,
                 "y":176
                }, 
                {
                 "gid":7687,
                 "height":16,
                 "id":701,
                 "name":"",
                 "rotation":0,
                 "type":"",
                 "visible":true,
                 "width":64,
                 "x":304,
                 "y":280
                }, 
                {
                 "gid":7686,
                 "height":16,
                 "id":702,
                 "name":"",
                 "rotation":0,
                 "type":"",
                 "visible":true,
                 "width":8,
                 "x":144,
                 "y":192
                }, 
                {
                 "gid":7686,
                 "height":16,
                 "id":703,
                 "name":"",
                 "rotation":0,
                 "type":"",
                 "visible":true,
                 "width":8,
                 "x":312,
                 "y":184
                }],
         "opacity":1,
         "type":"objectgroup",
         "visible":true,
         "x":0,
         "y":0
        }, 
        {
         "color":"#ffff00",
         "draworder":"topdown",
         "id":5,
         "name":"wiring - lights & guns",
         "objects":[],
         "opacity":1,
         "type":"objectgroup",
         "visible":true,
         "x":0,
         "y":0
        }, 
        {
         "color":"#ff0000",
         "draworder":"topdown",
         "id":6,
         "name":"monsters & npcs",
         "objects":[
                {
                 "height":8,
                 "id":704,
                 "name":"",
                 "properties":
                    {
                     "npc":"ryuu",
                     "parameters":"{\"level\" : 6 }",
                     "typeName":"Banishedhostile"
                    },
                 "propertytypes":
                    {
                     "npc":"string",
                     "parameters":"string",
                     "typeName":"string"
                    },
                 "rotation":0,
                 "type":"",
                 "visible":true,
                 "width":8,
                 "x":88,
                 "y":264
                }, 
                {
                 "height":8,
                 "id":705,
                 "name":"",
                 "properties":
                    {
                     "npc":"ryuu",
                     "parameters":"{\"level\" : 6 }",
                     "typeName":"Banishedhostile"
                    },
                 "propertytypes":
                    {
                     "npc":"string",
                     "parameters":"string",
                     "typeName":"string"
                    },
                 "rotation":0,
                 "type":"",
                 "visible":true,
                 "width":8,
                 "x":288,
                 "y":264
                }, 
                {
                 "height":8,
                 "id":706,
                 "name":"",
                 "properties":
                    {
                     "npc":"ryuu",
                     "parameters":"{\"level\" : 6 }",
                     "typeName":"Banishedhostile"
                    },
                 "propertytypes":
                    {
                     "npc":"string",
                     "parameters":"string",
                     "typeName":"string"
                    },
                 "rotation":0,
                 "type":"",
                 "visible":true,
                 "width":8,
                 "x":160,
                 "y":192
                }, 
                {
                 "height":8,
                 "id":707,
                 "name":"",
                 "properties":
                    {
                     "npc":"ryuu",
                     "parameters":"{\"level\" : 6 }",
                     "typeName":"Banishedhostile"
                    },
                 "propertytypes":
                    {
                     "npc":"string",
                     "parameters":"string",
                     "typeName":"string"
                    },
                 "rotation":0,
                 "type":"",
                 "visible":true,
                 "width":8,
                 "x":272,
                 "y":192
                }],
         "opacity":1,
         "type":"objectgroup",
         "visible":true,
         "x":0,
         "y":0
        }, 
        {
         "color":"#00ffff",
         "draworder":"topdown",
         "id":7,
         "name":"wiring - locked door",
         "objects":[],
         "opacity":1,
         "type":"objectgroup",
         "visible":true,
         "x":0,
         "y":0
        }, 
        {
         "draworder":"topdown",
         "id":8,
         "name":"outside the map",
         "objects":[],
         "opacity":1,
         "type":"objectgroup",
         "visible":true,
         "x":0,
         "y":0
        }, 
        {
         "draworder":"topdown",
         "id":9,
         "name":"anchors etc",
         "objects":[
                {
                 "gid":240,
                 "height":8,
                 "id":680,
                 "name":"",
                 "rotation":0,
                 "type":"",
                 "visible":true,
                 "width":8,
                 "x":16,
                 "y":288
                }, 
                {
                 "gid":239,
                 "height":8,
                 "id":681,
                 "name":"",
                 "rotation":0,
                 "type":"",
                 "visible":true,
                 "width":8,
                 "x":16,
                 "y":248
                }, 
                {
                 "gid":239,
                 "height":8,
                 "id":682,
                 "name":"",
                 "rotation":0,
                 "type":"",
                 "visible":true,
                 "width":8,
                 "x":456,
                 "y":248
                }, 
                {
                 "gid":240,
                 "height":8,
                 "id":683,
                 "name":"",
                 "rotation":0,
                 "type":"",
                 "visible":true,
                 "width":8,
                 "x":456,
                 "y":288
                }],
         "opacity":1,
         "type":"objectgroup",
         "visible":true,
         "x":0,
         "y":0
        }, 
        {
         "draworder":"topdown",
         "id":10,
         "name":"items",
         "objects":[],
         "opacity":1,
         "type":"objectgroup",
         "visible":true,
         "x":0,
         "y":0
        }],
 "nextlayerid":11,
 "nextobjectid":708,
 "orientation":"orthogonal",
 "renderorder":"right-down",
 "tiledversion":"1.10.2",
 "tileheight":8,
 "tilesets":[
        {
         "firstgid":1,
         "source":"..\/..\/..\/..\/assets\/packed\/tilesets\/packed\/materials.json"
        }, 
        {
         "firstgid":198,
         "source":"..\/..\/..\/..\/assets\/packed\/tilesets\/packed\/supports.json"
        }, 
        {
         "firstgid":235,
         "source":"..\/..\/..\/..\/assets\/packed\/tilesets\/packed\/miscellaneous.json"
        }, 
        {
         "firstgid":259,
         "source":"..\/..\/..\/..\/assets\/packed\/tilesets\/packed\/liquids.json"
        }, 
        {
         "firstgid":287,
         "source":"..\/..\/..\/..\/assets\/packed\/tilesets\/packed\/objects-by-race\/ancient.json"
        }, 
        {
         "firstgid":450,
         "source":"..\/..\/..\/..\/assets\/packed\/tilesets\/packed\/objects-by-race\/apex.json"
        }, 
        {
         "firstgid":821,
         "source":"..\/..\/..\/..\/assets\/packed\/tilesets\/packed\/objects-by-race\/avian.json"
        }, 
        {
         "firstgid":1126,
         "source":"..\/..\/..\/..\/assets\/packed\/tilesets\/packed\/objects-by-race\/floran.json"
        }, 
        {
         "firstgid":1321,
         "source":"..\/..\/..\/..\/assets\/packed\/tilesets\/packed\/objects-by-race\/generic.json"
        }, 
        {
         "firstgid":3305,
         "source":"..\/..\/..\/..\/assets\/packed\/tilesets\/packed\/objects-by-race\/glitch.json"
        }, 
        {
         "firstgid":3531,
         "source":"..\/..\/..\/..\/assets\/packed\/tilesets\/packed\/objects-by-race\/human.json"
        }, 
        {
         "firstgid":3819,
         "source":"..\/..\/..\/..\/assets\/packed\/tilesets\/packed\/objects-by-race\/hylotl.json"
        }, 
        {
         "firstgid":4051,
         "source":"..\/..\/..\/..\/assets\/packed\/tilesets\/packed\/objects-by-race\/novakid.json"
        }, 
        {
         "firstgid":4115,
         "source":"..\/..\/..\/..\/assets\/packed\/tilesets\/packed\/objects-by-category\/breakable.json"
        }, 
        {
         "firstgid":4425,
         "source":"..\/..\/..\/..\/assets\/packed\/tilesets\/packed\/objects-by-category\/decorative.json"
        }, 
        {
         "firstgid":5866,
         "source":"..\/..\/..\/..\/assets\/packed\/tilesets\/packed\/objects-by-category\/door.json"
        }, 
        {
         "firstgid":5998,
         "source":"..\/..\/..\/..\/assets\/packed\/tilesets\/packed\/objects-by-category\/farmable.json"
        }, 
        {
         "firstgid":6073,
         "source":"..\/..\/..\/..\/assets\/packed\/tilesets\/packed\/objects-by-category\/furniture.json"
        }, 
        {
         "firstgid":6427,
         "source":"..\/..\/..\/..\/assets\/packed\/tilesets\/packed\/objects-by-category\/light.json"
        }, 
        {
         "firstgid":6885,
         "source":"..\/..\/..\/..\/assets\/packed\/tilesets\/packed\/objects-by-category\/railpoint.json"
        }, 
        {
         "firstgid":6890,
         "source":"..\/..\/..\/..\/assets\/packed\/tilesets\/packed\/objects-by-category\/teleporter.json"
        }, 
        {
         "firstgid":6932,
         "source":"..\/..\/..\/..\/assets\/packed\/tilesets\/packed\/objects-by-category\/trap.json"
        }, 
        {
         "firstgid":7136,
         "source":"..\/..\/..\/..\/assets\/packed\/tilesets\/packed\/objects-by-category\/wire.json"
        }, 
        {
         "firstgid":7358,
         "source":"..\/..\/..\/..\/assets\/packed\/tilesets\/packed\/objects-by-type\/container.json"
        }, 
        {
         "firstgid":7643,
         "source":"..\/..\/..\/..\/assets\/packed\/tilesets\/packed\/objects-by-type\/teleporter.json"
        }, 
        {
         "firstgid":7670,
         "source":"..\/..\/tilesets\/packed\/starknight\/tiles\/banished_blocks.json"
        }, 
        {
         "firstgid":7679,
         "source":"..\/..\/tilesets\/packed\/starknight\/banished_object\/banished object.json"
        }],
 "tilewidth":8,
 "type":"map",
 "version":1.1,
 "width":60
}